Index,True_Label,Predicted_Label
90,0,16
128,0,14
150,0,2
201,0,25
203,0,13
207,0,2
209,0,6
214,0,25
299,0,7
329,0,3
350,0,7
354,0,16
360,0,7
368,0,16
394,0,3
402,0,7
423,0,13
515,0,20
546,0,3
555,0,25
577,0,3
604,0,3
617,0,7
648,0,3
651,0,3
663,0,5
674,0,7
675,0,16
683,0,16
695,0,3
702,0,11
716,0,25
722,0,17
798,0,3
802,1,6
829,1,7
830,1,14
852,1,7
866,1,0
881,1,11
906,1,0
909,1,14
911,1,7
920,1,16
990,1,11
1000,1,20
1043,1,6
1064,1,13
1070,1,17
1082,1,7
1111,1,7
1141,1,17
1225,1,14
1245,1,6
1286,1,16
1323,1,7
1393,1,0
1409,1,25
1419,1,11
1468,1,7
1524,1,7
1570,1,25
1592,1,4
1642,2,4
1677,2,20
1702,2,11
1723,2,17
1727,2,3
1760,2,11
1769,2,18
1862,2,17
1872,2,4
1899,2,4
1932,2,11
2010,2,4
2038,2,4
2055,2,11
2069,2,4
2089,2,16
2137,2,4
2202,2,4
2209,2,20
2273,2,19
2276,2,20
2281,2,5
2345,2,4
2402,3,1
2408,3,15
2414,3,14
2426,3,14
2435,3,14
2447,3,15
2468,3,14
2481,3,19
2498,3,14
2554,3,14
2583,3,19
2616,3,14
2626,3,0
2639,3,14
2665,3,15
2668,3,14
2706,3,14
2741,3,14
2770,3,14
2771,3,15
2795,3,14
2840,3,9
2846,3,1
2878,3,0
2882,3,15
2890,3,14
2920,3,14
2921,3,13
2947,3,0
2960,3,14
2981,3,0
3009,3,14
3030,3,1
3047,3,0
3048,3,16
3067,3,14
3092,3,0
3097,3,14
3125,3,14
3165,3,14
3183,3,1
3204,4,2
3226,4,2
3257,4,2
3315,4,0
3320,4,2
3335,4,0
3360,4,0
3364,4,0
3430,4,2
3479,4,5
3483,4,2
3500,4,8
3511,4,11
3552,4,0
3628,4,15
3656,4,17
3677,4,2
3711,4,11
3713,4,18
3731,4,2
3733,4,2
3740,4,25
3770,4,0
3799,4,15
3820,4,25
3823,4,2
3844,4,20
3862,4,2
3892,4,0
3894,4,17
3927,4,2
3983,4,2
3997,4,2
4037,5,19
4072,5,19
4078,5,19
4079,5,18
4100,5,19
4109,5,19
4153,5,15
4165,5,15
4166,5,6
4183,5,15
4186,5,19
4195,5,15
4198,5,15
4206,5,19
4208,5,1
4228,5,19
4247,5,19
4248,5,17
4258,5,18
4265,5,4
4267,5,15
4275,5,19
4278,5,8
4332,5,15
4347,5,19
4378,5,19
4384,5,19
4412,5,19
4451,5,4
4472,5,8
4547,5,18
4594,5,4
4613,5,19
4632,5,6
4658,5,19
4688,5,15
4699,5,17
4724,5,19
4742,5,19
4746,5,19
4748,5,19
4784,5,19
4806,6,16
4810,6,16
4811,6,16
4815,6,16
4818,6,18
4831,6,5
4837,6,16
4838,6,16
4841,6,0
4845,6,18
4849,6,0
4861,6,16
4870,6,1
4881,6,16
4888,6,16
4892,6,2
4904,6,16
4913,6,16
4914,6,24
4917,6,16
4920,6,18
4922,6,16
4923,6,1
4934,6,1
4939,6,0
4941,6,16
4942,6,16
4947,6,16
4964,6,16
4973,6,16
4974,6,16
4975,6,16
4985,6,24
4988,6,2
4996,6,2
5007,6,4
5009,6,15
5011,6,16
5013,6,2
5017,6,16
5023,6,9
5026,6,16
5027,6,16
5029,6,16
5030,6,16
5033,6,0
5039,6,2
5041,6,16
5052,6,16
5057,6,16
5062,6,16
5068,6,16
5071,6,16
5072,6,16
5073,6,24
5077,6,2
5080,6,9
5081,6,16
5084,6,18
5085,6,16
5092,6,0
5103,6,0
5106,6,1
5116,6,16
5121,6,16
5123,6,0
5132,6,16
5133,6,16
5134,6,1
5136,6,16
5146,6,16
5147,6,16
5148,6,10
5156,6,18
5158,6,16
5160,6,2
5164,6,16
5167,6,0
5169,6,16
5171,6,3
5175,6,16
5176,6,18
5189,6,16
5191,6,14
5192,6,16
5197,6,16
5202,6,16
5216,6,0
5221,6,0
5232,6,16
5233,6,1
5235,6,16
5242,6,16
5246,6,16
5247,6,0
5254,6,16
5257,6,16
5262,6,16
5271,6,16
5273,6,16
5277,6,16
5279,6,16
5280,6,1
5281,6,1
5286,6,0
5288,6,9
5290,6,16
5293,6,0
5300,6,16
5305,6,16
5307,6,16
5320,6,16
5323,6,16
5327,6,16
5331,6,0
5332,6,16
5333,6,13
5334,6,0
5337,6,16
5340,6,16
5341,6,0
5348,6,0
5362,6,16
5371,6,24
5372,6,16
5373,6,16
5378,6,5
5385,6,16
5388,6,16
5391,6,16
5393,6,16
5402,6,16
5405,6,1
5408,6,16
5416,6,16
5418,6,5
5424,6,16
5427,6,16
5429,6,16
5430,6,16
5435,6,2
5438,6,24
5441,6,0
5447,6,16
5449,6,2
5453,6,16
5460,6,16
5462,6,16
5465,6,16
5468,6,16
5477,6,24
5480,6,0
5481,6,16
5484,6,16
5488,6,16
5489,6,1
5501,6,16
5505,6,16
5508,6,16
5515,6,16
5521,6,16
5527,6,16
5532,6,0
5537,6,16
5549,6,0
5562,6,0
5575,6,16
5577,6,16
5579,6,16
5584,6,16
5586,6,16
5589,6,16
5590,6,16
5591,6,16
5595,6,16
5596,6,2
5597,6,16
5602,7,11
5693,7,1
5702,7,10
5717,7,10
5743,7,13
5761,7,13
5771,7,20
5772,7,13
5806,7,13
5818,7,3
5831,7,23
5843,7,10
5859,7,10
5892,7,11
5897,7,11
5913,7,3
5932,7,20
5954,7,13
5967,7,10
5996,7,11
6024,7,23
6030,7,11
6039,7,13
6040,7,13
6064,7,13
6131,7,1
6132,7,12
6158,7,13
6190,7,13
6225,7,11
6230,7,13
6233,7,12
6249,7,13
6280,7,20
6283,7,0
6327,7,13
6345,7,6
6372,7,10
6401,8,7
6404,8,11
6405,8,11
6406,8,11
6413,8,11
6415,8,11
6416,8,11
6421,8,11
6423,8,11
6425,8,11
6428,8,6
6432,8,11
6436,8,11
6439,8,11
6443,8,11
6452,8,11
6456,8,11
6467,8,11
6474,8,11
6481,8,11
6485,8,11
6487,8,11
6488,8,11
6489,8,11
6490,8,11
6491,8,11
6496,8,11
6498,8,11
6500,8,11
6501,8,11
6503,8,11
6512,8,11
6517,8,11
6520,8,11
6523,8,11
6528,8,11
6530,8,11
6536,8,11
6540,8,11
6541,8,11
6546,8,11
6547,8,11
6550,8,11
6551,8,11
6552,8,11
6553,8,11
6557,8,11
6562,8,11
6571,8,11
6577,8,11
6587,8,11
6596,8,11
6597,8,11
6599,8,11
6600,8,11
6608,8,11
6612,8,11
6613,8,11
6617,8,11
6619,8,11
6620,8,11
6624,8,11
6631,8,11
6638,8,11
6641,8,11
6645,8,11
6660,8,1
6661,8,11
6665,8,11
6690,8,11
6697,8,11
6700,8,11
6706,8,11
6708,8,11
6711,8,11
6713,8,11
6717,8,11
6720,8,11
6730,8,11
6733,8,11
6748,8,11
6759,8,7
6762,8,11
6767,8,11
6770,8,11
6773,8,11
6778,8,11
6780,8,11
6784,8,11
6787,8,11
6793,8,11
6799,8,11
6800,8,11
6801,8,11
6807,8,11
6812,8,11
6817,8,21
6818,8,11
6824,8,11
6828,8,11
6833,8,11
6835,8,11
6840,8,11
6843,8,25
6870,8,9
6872,8,11
6873,8,11
6875,8,11
6879,8,11
6880,8,11
6881,8,11
6882,8,11
6887,8,11
6888,8,11
6898,8,11
6901,8,11
6902,8,11
6907,8,11
6908,8,11
6909,8,11
6913,8,11
6914,8,11
6919,8,11
6923,8,11
6927,8,11
6933,8,11
6934,8,11
6935,8,11
6958,8,11
6959,8,11
6962,8,11
6963,8,11
6964,8,11
6966,8,11
6972,8,11
6976,8,11
6977,8,11
6983,8,11
6986,8,11
6989,8,11
7000,8,11
7001,8,11
7003,8,2
7005,8,11
7008,8,11
7011,8,23
7016,8,11
7022,8,11
7025,8,11
7028,8,11
7035,8,11
7037,8,11
7042,8,11
7045,8,11
7058,8,11
7063,8,11
7064,8,11
7065,8,11
7067,8,11
7070,8,11
7073,8,11
7074,8,11
7082,8,11
7084,8,11
7085,8,11
7090,8,4
7092,8,11
7094,8,11
7096,8,11
7097,8,11
7109,8,11
7110,8,11
7112,8,11
7113,8,25
7114,8,11
7115,8,11
7116,8,11
7118,8,11
7122,8,11
7129,8,2
7131,8,11
7133,8,11
7134,8,11
7135,8,11
7143,8,17
7146,8,11
7158,8,11
7162,8,11
7165,8,11
7172,8,11
7178,8,11
7180,8,11
7187,8,11
7194,8,11
7200,9,8
7211,9,20
7222,9,6
7234,9,8
7237,9,5
7247,9,8
7251,9,8
7259,9,19
7272,9,8
7279,9,19
7293,9,0
7300,9,8
7315,9,8
7327,9,19
7343,9,8
7344,9,18
7356,9,8
7358,9,8
7376,9,18
7382,9,3
7384,9,8
7391,9,8
7407,9,18
7435,9,6
7458,9,8
7467,9,1
7470,9,8
7476,9,24
7477,9,8
7498,9,19
7560,9,8
7570,9,8
7571,9,8
7573,9,18
7575,9,8
7577,9,8
7597,9,8
7602,9,19
7605,9,3
7619,9,11
7620,9,20
7622,9,19
7625,9,19
7639,9,8
7643,9,8
7668,9,19
7670,9,8
7671,9,8
7691,9,8
7695,9,8
7712,9,19
7738,9,18
7745,9,8
7810,9,8
7818,9,21
7829,9,17
7857,9,5
7862,9,3
7882,9,7
7919,9,19
7935,9,8
7950,9,8
7957,9,18
7972,9,8
7993,9,19
8030,10,23
8043,10,19
8050,10,1
8074,10,11
8075,10,23
8107,10,7
8109,10,24
8113,10,19
8118,10,7
8124,10,5
8152,10,25
8155,10,11
8158,10,7
8183,10,19
8199,10,23
8232,10,13
8310,10,24
8312,10,7
8355,10,17
8376,10,7
8381,10,11
8435,10,23
8446,10,7
8475,10,11
8476,10,23
8488,10,8
8497,10,1
8517,10,11
8539,10,7
8555,10,23
8576,10,11
8594,10,23
8614,10,7
8619,10,7
8665,10,7
8675,10,7
8684,10,23
8709,10,4
8724,10,11
8733,10,11
8791,10,13
8803,11,8
8807,11,8
8809,11,8
8810,11,8
8811,11,8
8815,11,8
8816,11,8
8817,11,8
8823,11,8
8827,11,8
8832,11,8
8838,11,8
8839,11,8
8847,11,8
8849,11,8
8851,11,8
8861,11,8
8865,11,8
8868,11,8
8870,11,8
8880,11,8
8881,11,8
8893,11,8
8895,11,8
8897,11,8
8898,11,8
8905,11,8
8909,11,8
8910,11,8
8911,11,8
8912,11,8
8913,11,8
8917,11,8
8922,11,8
8928,11,8
8931,11,8
8933,11,8
8936,11,8
8947,11,8
8951,11,14
8954,11,8
8958,11,8
8962,11,8
8965,11,8
8966,11,8
8982,11,8
8985,11,8
8989,11,8
8991,11,8
8999,11,8
9001,11,8
9003,11,8
9009,11,8
9015,11,8
9018,11,8
9027,11,8
9032,11,24
9044,11,8
9045,11,8
9052,11,8
9055,11,8
9056,11,8
9060,11,8
9071,11,8
9087,11,8
9095,11,8
9098,11,8
9103,11,8
9107,11,8
9113,11,8
9114,11,8
9115,11,8
9125,11,8
9126,11,15
9127,11,8
9133,11,8
9135,11,8
9140,11,8
9142,11,8
9144,11,8
9147,11,8
9148,11,8
9153,11,8
9157,11,8
9159,11,8
9160,11,8
9166,11,10
9168,11,8
9177,11,8
9178,11,8
9181,11,8
9183,11,2
9186,11,8
9193,11,8
9195,11,8
9196,11,8
9200,11,8
9201,11,8
9204,11,2
9205,11,8
9208,11,8
9221,11,8
9225,11,24
9240,11,8
9244,11,8
9246,11,8
9252,11,8
9257,11,8
9259,11,8
9260,11,8
9266,11,8
9268,11,8
9273,11,8
9280,11,8
9288,11,8
9296,11,8
9297,11,8
9305,11,8
9316,11,8
9322,11,8
9332,11,8
9337,11,8
9339,11,8
9341,11,17
9354,11,15
9356,11,8
9364,11,8
9365,11,8
9368,11,8
9373,11,8
9385,11,8
9386,11,8
9387,11,8
9399,11,8
9404,11,8
9415,11,8
9418,11,2
9421,11,8
9423,11,8
9429,11,8
9430,11,8
9433,11,16
9442,11,7
9443,11,8
9456,11,8
9457,11,8
9471,11,8
9481,11,7
9482,11,8
9485,11,8
9486,11,8
9487,11,8
9488,11,2
9496,11,8
9500,11,8
9504,11,8
9505,11,8
9512,11,8
9518,11,8
9520,11,8
9526,11,7
9528,11,8
9536,11,7
9540,11,8
9542,11,8
9546,11,8
9548,11,8
9552,11,8
9553,11,24
9562,11,8
9563,11,8
9564,11,8
9567,11,8
9575,11,8
9584,11,8
9585,11,8
9586,11,8
9594,11,8
9618,12,7
9663,12,13
9772,12,13
9855,12,13
9913,12,7
9968,12,7
9989,12,13
9994,12,13
10043,12,22
10117,12,13
10123,12,13
10139,12,13
10162,12,10
10166,12,13
10200,12,13
10226,12,13
10255,12,13
10277,12,7
10287,12,13
10309,12,13
10377,12,15
10451,13,21
10482,13,17
10488,13,17
10508,13,7
10512,13,20
10531,13,3
10543,13,7
10571,13,20
10585,13,15
10640,13,17
10685,13,17
10708,13,3
10721,13,21
10765,13,21
10842,13,7
10860,13,7
10878,13,7
10893,13,12
10900,13,12
10923,13,12
10934,13,7
10961,13,17
10969,13,23
11007,13,10
11045,13,0
11051,13,7
11053,13,17
11110,13,9
11112,13,17
11145,13,20
11152,13,12
11170,13,0
11178,13,0
11213,14,3
11247,14,20
11248,14,3
11271,14,16
11273,14,16
11277,14,20
11324,14,2
11325,14,3
11411,14,0
11417,14,13
11503,14,3
11508,14,13
11521,14,0
11526,14,3
11583,14,0
11642,14,0
11662,14,3
11680,14,0
11712,14,16
11772,14,3
11822,14,15
11863,14,3
11946,14,0
12132,15,24
12179,15,17
12229,15,17
12277,15,5
12430,15,11
12463,15,3
12465,15,3
12478,15,3
12492,15,4
12612,15,24
12614,15,3
12727,15,6
12762,15,13
12797,15,16
12802,16,0
12808,16,6
12820,16,0
12822,16,0
12835,16,6
12836,16,6
12841,16,0
12843,16,6
12844,16,6
12856,16,0
12869,16,0
12870,16,25
12874,16,0
12875,16,6
12877,16,10
12882,16,0
12889,16,6
12891,16,0
12899,16,0
12904,16,0
12907,16,6
12909,16,8
12938,16,1
12950,16,6
12951,16,0
12956,16,4
12971,16,15
12972,16,0
12977,16,6
12985,16,0
12989,16,0
12992,16,0
12994,16,18
12998,16,6
12999,16,0
13016,16,6
13017,16,0
13025,16,6
13029,16,6
13034,16,6
13036,16,4
13038,16,0
13048,16,1
13061,16,0
13073,16,24
13080,16,0
13085,16,6
13087,16,6
13089,16,6
13114,16,6
13116,16,0
13117,16,24
13128,16,4
13141,16,0
13186,16,15
13189,16,0
13192,16,14
13205,16,0
13220,16,0
13222,16,6
13241,16,0
13243,16,6
13250,16,6
13254,16,6
13261,16,20
13263,16,6
13266,16,14
13267,16,25
13277,16,0
13278,16,6
13281,16,0
13284,16,6
13286,16,6
13290,16,6
13319,16,6
13320,16,24
13321,16,0
13325,16,6
13330,16,0
13339,16,13
13341,16,6
13360,16,6
13372,16,6
13397,16,6
13398,16,0
13408,16,6
13413,16,6
13430,16,6
13439,16,14
13440,16,0
13455,16,6
13456,16,1
13465,16,6
13467,16,6
13472,16,6
13473,16,5
13475,16,6
13479,16,14
13481,16,6
13486,16,6
13509,16,0
13511,16,11
13513,16,0
13518,16,6
13521,16,19
13542,16,6
13547,16,1
13550,16,0
13552,16,17
13557,16,3
13566,16,6
13570,16,0
13583,16,6
13606,17,13
13612,17,25
13671,17,19
13677,17,24
13715,17,19
13766,17,0
13803,17,1
13804,17,11
13816,17,21
13847,17,13
13875,17,19
13880,17,24
13882,17,19
13901,17,0
13947,17,10
13972,17,25
14014,17,25
14048,17,0
14053,17,21
14064,17,1
14077,17,24
14086,17,0
14099,17,11
14151,17,8
14196,17,0
14222,17,21
14229,17,10
14237,17,0
14269,17,4
14271,17,21
14285,17,10
14299,17,24
14368,17,2
14371,17,11
14380,17,19
14385,17,15
14397,17,12
14407,18,9
14468,18,0
14606,18,9
14622,18,6
14629,18,9
14665,18,9
14690,18,6
14727,18,6
14793,18,7
